{
  "analysis_timestamp": "2025-11-10T12:38:34.826096",
  "image_file": "./imagenes_para_analizar/granoverde.png",
  "image_dimensions": [
    224,
    224,
    3
  ],
  "total_beans_detected": 1,
  "beans_analyzed": 1,
  "individual_analysis": [
    {
      "bean_id": 1,
      "features": {
        "hue_mean": 8.916454081632653,
        "saturation_mean": 21.468012595663264,
        "value_mean": 233.50538105867346,
        "lightness_mean": 233.23353794642858,
        "a_channel_mean": 126.89686304209184,
        "b_channel_mean": 134.06118463010205,
        "lbp_mean": 20.920360331632654,
        "lbp_std": 5.499405261003497,
        "lbp_histogram": [
          0.0059590242346820015,
          0.0036471619897886494,
          0.002869897959177954,
          0.0021125637755059937,
          0.001813616071424957,
          0.0019531249999961075,
          0.0025111607142807094,
          0.0036471619897886494,
          0.00454400510203176,
          0.006875797193863847,
          0.011200573979569514,
          0.024732940050971115,
          0.03595344387747937,
          0.053411989795811916,
          0.02547034438770434,
          0.03394052933666705,
          0.011539381377528022,
          0.02764269770402654,
          0.006716358418353961,
          0.005500637755091078,
          0.005580357142846021,
          0.005321269132642456,
          0.006776147959170168,
          0.007234534438761092,
          0.6216916454069242,
          0.0813536352039195
        ],
        "area": 49729.0,
        "perimeter": 892.0,
        "circularity": 0.7853981633974483,
        "hu_moments": [
          0.16666666666666669,
          9.294826476160651e-33,
          2.3924426168806195e-33,
          7.751514078693207e-33,
          -3.3381094728988332e-65,
          7.473209949964002e-49,
          0.0
        ],
        "edge_density": 0.02893813775510204,
        "dark_spots_area": 0.001016422193877551,
        "irregular_contours": 41,
        "has_cracks": true
      },
      "color_percentages": {
        "Dark": 99.6,
        "Green": 0.0,
        "Light": 0.0,
        "Medium": 0.4
      },
      "quality_assessment": {
        "quality_category": "C",
        "final_score": 0.58,
        "base_quality_score": 0.4,
        "shape_score": 1.0,
        "source_category": "C"
      },
      "bounding_box": [
        0,
        0,
        224,
        224
      ],
      "area": 49729.0
    }
  ],
  "batch_quality_report": {
    "total_beans_analyzed": 1,
    "category_distribution": {
      "Premium": 0,
      "Specialty": 0,
      "A": 0,
      "B": 0,
      "C": 1
    },
    "category_percentages": {
      "Premium": 0.0,
      "Specialty": 0.0,
      "A": 0.0,
      "B": 0.0,
      "C": 100.0
    },
    "average_quality_score": 0.58,
    "lot_quality": "C"
  }
}