{
  "analysis_timestamp": "2025-11-10T13:42:38.626748",
  "image_file": "./imagenes_para_analizar/grano1.jpg",
  "image_dimensions": [
    414,
    600,
    3
  ],
  "total_beans_detected": 1,
  "beans_analyzed": 1,
  "individual_analysis": [
    {
      "bean_id": 1,
      "features": {
        "hue_mean": 5.948027375201288,
        "saturation_mean": 65.27615942028986,
        "value_mean": 196.36174718196457,
        "lightness_mean": 182.50003220611916,
        "a_channel_mean": 135.55556360708533,
        "b_channel_mean": 138.08237922705314,
        "lbp_mean": 19.718494363929146,
        "lbp_std": 6.839047757004847,
        "lbp_histogram": [
          0.016690821256031926,
          0.008385668276969249,
          0.008337359098225307,
          0.007467793880834353,
          0.0068075684380004805,
          0.0069524959742323054,
          0.007387278582927783,
          0.008884863123989981,
          0.010684380032201818,
          0.013659420289849573,
          0.019053945249589754,
          0.031119162640889243,
          0.039206924315604186,
          0.04247181964571559,
          0.02496779388082731,
          0.02800322061190499,
          0.01578099838968769,
          0.02175523349435517,
          0.010958132045084156,
          0.009734299516904294,
          0.009086151368756406,
          0.00960950080514911,
          0.01035829307568021,
          0.011050724637676711,
          0.440712560386296,
          0.1808735909822138
        ],
        "area": 247387.0,
        "perimeter": 2024.0,
        "circularity": 0.7588670946601436,
        "hu_moments": [
          0.17832047224254566,
          0.004020413043026751,
          6.834782087345152e-33,
          8.764602912007312e-33,
          -4.68099376477206e-65,
          5.231044857769666e-34,
          -4.90974809417016e-65
        ],
        "edge_density": 0.09927536231884058,
        "dark_spots_area": 0.09065619967793881,
        "irregular_contours": 460,
        "has_cracks": true
      },
      "color_percentages (confianza_cnn)": {
        "Dark": 0.0,
        "Green": 0.0,
        "Light": 0.0,
        "Medium": 100.0
      },
      "quality_assessment": {
        "quality_category": "Premium",
        "final_score": 0.835,
        "base_quality_score": 0.85,
        "shape_score": 0.8,
        "source_category (color)": "Medium"
      },
      "bounding_box": [
        0,
        0,
        600,
        414
      ],
      "area": 247387.0
    }
  ],
  "batch_quality_report": {
    "total_beans_analyzed": 1,
    "category_distribution": {
      "Specialty": 0,
      "Premium": 1,
      "A": 0,
      "B": 0,
      "C": 0
    },
    "category_percentages": {
      "Specialty": 0.0,
      "Premium": 100.0,
      "A": 0.0,
      "B": 0.0,
      "C": 0.0
    },
    "average_quality_score": 0.835,
    "lot_quality": "Premium"
  }
}